﻿Designator,Quantity,Value,Footprint,Package,MPN,DNP,Mount_Type,Description,PROD_ID,Voltage,Tolerance,MF,MAXIMUM_PACKAGE_HEIGHT,Price,Check_prices,STANDARD,PARTREV,SnapEDA_Link,MP,Description_1,Availability,MANUFACTURER
"C1, C18, C19, C20, C21, C22, C29, C30, C31, C32, C33",11,0.1uF,C_0402_1005Metric,,,,smt,Unpolarized capacitor,CAP-25565,16V,10%,,,,,,,,,,,
"C10, C6, C7, C9",4,EEE-TK1J221AQ,CAP_PAN_EEE_H13_PAN,,,,smt,,,,,,,,,,,,,,,
"C11, C4, C8",3,0.1uF,C_0603_1608Metric,,,,smt,Unpolarized capacitor,CAP-08390,100V,10%,,,,,,,,,,,
"C12, C13, C14, C15, C16, C17, C23, C24, C25, C26, C27, C28, C5",13,10nF,C_0402_1005Metric,,,,smt,Unpolarized capacitor,CAP-24997,50V,10%,,,,,,,,,,,
"C2, C3",2,1.0uF,C_0402_1005Metric,,,,smt,Unpolarized capacitor,CAP-14969,16V,10%,,,,,,,,,,,
"C34, C35",2,1.0nF,C_0402_1005Metric,,,,smt,Unpolarized capacitor,CAP-14280,50V,10%,,,,,,,,,,,
D1,1,Red,LED_0603_1608Metric_Red,,,,smt,Light emitting diode,DIO-17976,,,,,,,,,,,,,
D2,1,Green,LED_0603_1608Metric_Green,,,,smt,Light emitting diode,DIO-00821,,,,,,,,,,,,,
D3,1,Zener,D_SOD-323_HandSoldering,,,,smt,Zener diode,DIO-,,,,,,,,,,,,,
J1,1,Conn_01x10,PinHeader_1x10_P2.54mm_Vertical,,,,tht,"Generic connector, single row, 01x10, script generated (kicad-library-utils/schlib/autogen/connector/)",,,,,,,,,,,,,,
J2,1,Conn_01x09,PinHeader_1x09_P2.54mm_Vertical,,,,tht,"Generic connector, single row, 01x09, script generated (kicad-library-utils/schlib/autogen/connector/)",,,,,,,,,,,,,,
"J3, J4",2,MKDS5_2-9_5_1pos_PowerPad,MKDS5_2-9_5_1pos_PowerPad,,,,tht,,,,,,,,,,,,,,,
J5,1,MKDS5_2-9_5_4pos_PowerPad,MKDS5_2-9_5_4pos_PowerPad,,,,tht,,,,,,,,,,,,,,,
"J6, J7",2,Conn_01x04,PinHeader_1x04_P2.54mm_Vertical,,,,tht,"Generic connector, single row, 01x04, script generated (kicad-library-utils/schlib/autogen/connector/)",,,,,,,,,,,,,,
"JP1, JP2, JP3, JP4, JP5, JP6",6,Jumper_2_Bridged,Jumper_2_NO,,,,tht,"Jumper, 2-pole, closed/bridged",,,,,,,,,,,,,,
"Q1, Q2, Q3, Q4, Q5, Q6, Q7, Q8",8,CSD18540Q5B,TRANS_CSD18540Q5B,VSON-CLIP-8 Texas Instruments,,,smt,,,,,Texas Instruments,1.05mm,None,https://www.snapeda.com/parts/CSD18540Q5B/Texas+Instruments/view-part/?ref=eda,Manufacturer recommendations,B,https://www.snapeda.com/parts/CSD18540Q5B/Texas+Instruments/view-part/?ref=snap,CSD18540Q5B,"60-V, N channel NexFET™ power MOSFET, single SON 5 mm x 6 mm, 2.2 mOhm",In Stock,Texas Instruments
"R1, R3",2,200,R_0402_1005Metric,,,,smt,Resistor,RES-15550,,,,,,,,,,,,,
"R10, R22",2,20k,R_0402_1005Metric,,,,smt,"Resistor, small US symbol",,,,,,,,,,,,,,
"R11, R23",2,0,R_0402_1005Metric,,,,smt,"Resistor, small US symbol",,,,,,,,,,,,,,
"R12, R13, R14, R15, R16, R2, R24, R25, R26, R27, R28",11,10k,R_0402_1005Metric,,,,smt,"[R24,R25,R26,R27,R28]Resistor, small US symbol; [R2]Resistor",RES-25567,,,,,,,,,,,,,
"R17, R18, R19, R20, R21, R29, R30, R31, R32, R33, R7",11,22,R_0402_1005Metric,,,,smt,Resistor,RES-12427,,,,,,,,,,,,,
"R4, R9",2,PA2512FKE7T0U5E,RES_PA2512_YAG,,,,smt,,,,,,,,,,,,,,,
"R5, R6",2,100k,R_0402_1005Metric,,,,smt,Resistor,RES-25013,,,,,,,,,,,,,
R8,1,3.3k,R_0402_1005Metric,,,,smt,Resistor,RES-15923,,,,,,,,,,,,,
SW1,1,SMD_5.2x5.2mm_h1.9mm,Push_SMD_4.6x2.8mm_h1.9mm,,,,smt,Single Pole Single Throw (SPST) switch,SWCH-13065,,,,,,,,,,,,,
U1,1,DRV8704DCPR,DCP0038A_N,,,,smt,,,,,,,,,,,,,,,
"U2, U3",2,ADS1220xPW,TSSOP-16_4.4x5mm_P0.65mm,,,,smt,"Low-power, quad-input, 24-bit analog to digital converter, integrated temperature sensor, SPI interface, TSSOP-16 package",,,,,,,,,,,,,,
