﻿pos_x,pos_y,rotation,side,designator,mpn,pack,footprint,value,mount_type
205.0,-125.0,-90.0,top,C1,,,C_0402_1005Metric,0.1uF,smt
238.75,-132.60625,0.0,top,C10,,,CAP_PAN_EEE_H13_PAN,EEE-TK1J221AQ,smt
238.75,-109.10625,0.0,top,C11,,,C_0603_1608Metric,0.1uF,smt
197.3875,-153.18125,90.0,top,C12,,,C_0402_1005Metric,10nF,smt
194.3875,-153.18125,90.0,top,C13,,,C_0402_1005Metric,10nF,smt
202.3875,-148.68125,180.0,top,C14,,,C_0402_1005Metric,10nF,smt
202.3875,-151.68125,180.0,top,C15,,,C_0402_1005Metric,10nF,smt
189.6225,-151.68125,0.0,top,C16,,,C_0402_1005Metric,10nF,smt
189.6225,-148.68125,0.0,top,C17,,,C_0402_1005Metric,10nF,smt
200.877726,-150.231072,-90.0,top,C18,,,C_0402_1005Metric,0.1uF,smt
191.1225,-150.18125,90.0,top,C19,,,C_0402_1005Metric,0.1uF,smt
208.0,-128.85625,-90.0,top,C2,,,C_0402_1005Metric,1.0uF,smt
195.8875,-151.68125,180.0,top,C20,,,C_0402_1005Metric,0.1uF,smt
202.3875,-145.93125,180.0,top,C21,,,C_0402_1005Metric,0.1uF,smt
202.3875,-147.52125,0.0,top,C22,,,C_0402_1005Metric,0.1uF,smt
232.320369,-153.133702,90.0,top,C23,,,C_0402_1005Metric,10nF,smt
229.320369,-153.133702,90.0,top,C24,,,C_0402_1005Metric,10nF,smt
237.320369,-148.633702,180.0,top,C25,,,C_0402_1005Metric,10nF,smt
237.320369,-151.633702,180.0,top,C26,,,C_0402_1005Metric,10nF,smt
224.590369,-151.633702,0.0,top,C27,,,C_0402_1005Metric,10nF,smt
224.550369,-148.633702,0.0,top,C28,,,C_0402_1005Metric,10nF,smt
235.820369,-150.133702,-90.0,top,C29,,,C_0402_1005Metric,0.1uF,smt
210.75,-128.85625,90.0,top,C3,,,C_0402_1005Metric,1.0uF,smt
226.070369,-150.133702,90.0,top,C30,,,C_0402_1005Metric,0.1uF,smt
230.840369,-151.633702,180.0,top,C31,,,C_0402_1005Metric,0.1uF,smt
237.320369,-145.883702,180.0,top,C32,,,C_0402_1005Metric,0.1uF,smt
237.365864,-147.497441,0.0,top,C33,,,C_0402_1005Metric,0.1uF,smt
200.665092,-118.583248,90.0,top,C34,,,C_0402_1005Metric,1.0nF,smt
224.25,-118.599218,90.0,top,C35,,,C_0402_1005Metric,1.0nF,smt
206.75,-128.35625,90.0,top,C4,,,C_0603_1608Metric,0.1uF,smt
209.0,-128.85625,90.0,top,C5,,,C_0402_1005Metric,10nF,smt
186.25,-118.10625,0.0,top,C6,,,CAP_PAN_EEE_H13_PAN,EEE-TK1J221AQ,smt
186.25,-132.60625,0.0,top,C7,,,CAP_PAN_EEE_H13_PAN,EEE-TK1J221AQ,smt
186.25,-140.75,0.0,top,C8,,,C_0603_1608Metric,0.1uF,smt
238.75,-118.10625,0.0,top,C9,,,CAP_PAN_EEE_H13_PAN,EEE-TK1J221AQ,smt
221.62,-126.5,180.0,top,D1,,,LED_0603_1608Metric_Red,Red,smt
203.0,-126.25,0.0,top,D2,,,LED_0603_1608Metric_Green,Green,smt
202.75,-132.0,-90.0,top,D3,,,D_SOD-323_HandSoldering,Zener,smt
201.71,-158.85625,90.0,top,J1,,,PinHeader_1x10_P2.54mm_Vertical,Conn_01x10,tht
196.51,-137.98625,90.0,top,J2,,,PinHeader_1x09_P2.54mm_Vertical,Conn_01x09,tht
182.5,-103.10625,-90.0,top,J3,,,MKDS5_2-9_5_1pos_PowerPad,MKDS5_2-9_5_1pos_PowerPad,tht
242.5,-103.10625,90.0,top,J4,,,MKDS5_2-9_5_1pos_PowerPad,MKDS5_2-9_5_1pos_PowerPad,tht
212.5,-96.75,180.0,top,J5,,,MKDS5_2-9_5_4pos_PowerPad,MKDS5_2-9_5_4pos_PowerPad,tht
188.0775,-158.85625,90.0,top,J6,,,PinHeader_1x04_P2.54mm_Vertical,Conn_01x04,tht
229.75,-158.85625,90.0,top,J7,,,PinHeader_1x04_P2.54mm_Vertical,Conn_01x04,tht
204.6375,-150.18125,-90.0,top,JP1,,,Jumper_2_NO,Jumper_2_Bridged,tht
187.3875,-150.18125,90.0,top,JP2,,,Jumper_2_NO,Jumper_2_Bridged,tht
187.3875,-147.77485,90.0,top,JP3,,,Jumper_2_NO,Jumper_2_Bridged,tht
239.802546,-150.183702,-90.0,top,JP4,,,Jumper_2_NO,Jumper_2_Bridged,tht
222.320369,-150.133702,90.0,top,JP5,,,Jumper_2_NO,Jumper_2_Bridged,tht
222.320369,-147.633702,90.0,top,JP6,,,Jumper_2_NO,Jumper_2_Bridged,tht
191.25,-107.10625,-90.0,top,Q1,,VSON-CLIP-8 Texas Instruments,TRANS_CSD18540Q5B,CSD18540Q5B,smt
197.25,-109.60625,90.0,top,Q2,,VSON-CLIP-8 Texas Instruments,TRANS_CSD18540Q5B,CSD18540Q5B,smt
209.25,-107.10625,-90.0,top,Q3,,VSON-CLIP-8 Texas Instruments,TRANS_CSD18540Q5B,CSD18540Q5B,smt
203.25,-109.60625,90.0,top,Q4,,VSON-CLIP-8 Texas Instruments,TRANS_CSD18540Q5B,CSD18540Q5B,smt
215.75,-107.10625,-90.0,top,Q5,,VSON-CLIP-8 Texas Instruments,TRANS_CSD18540Q5B,CSD18540Q5B,smt
221.75,-109.60625,90.0,top,Q6,,VSON-CLIP-8 Texas Instruments,TRANS_CSD18540Q5B,CSD18540Q5B,smt
233.75,-107.10625,-90.0,top,Q7,,VSON-CLIP-8 Texas Instruments,TRANS_CSD18540Q5B,CSD18540Q5B,smt
227.75,-109.60625,90.0,top,Q8,,VSON-CLIP-8 Texas Instruments,TRANS_CSD18540Q5B,CSD18540Q5B,smt
219.62,-126.5,-90.0,top,R1,,,R_0402_1005Metric,200,smt
195.8975,-154.68125,180.0,top,R10,,,R_0402_1005Metric,20k,smt
196.3875,-153.18125,90.0,top,R11,,,R_0402_1005Metric,0,smt
195.3875,-153.18125,90.0,top,R12,,,R_0402_1005Metric,10k,smt
202.3875,-149.68125,180.0,top,R13,,,R_0402_1005Metric,10k,smt
202.3875,-150.68125,180.0,top,R14,,,R_0402_1005Metric,10k,smt
189.6225,-150.68125,0.0,top,R15,,,R_0402_1005Metric,10k,smt
189.6225,-149.68125,0.0,top,R16,,,R_0402_1005Metric,10k,smt
193.1375,-144.43125,90.0,top,R17,,,R_0402_1005Metric,22,smt
198.8875,-144.43125,90.0,top,R18,,,R_0402_1005Metric,22,smt
199.8875,-144.43125,90.0,top,R19,,,R_0402_1005Metric,22,smt
218.37,-126.5,90.0,top,R2,,,R_0402_1005Metric,10k,smt
192.0575,-144.43125,90.0,top,R20,,,R_0402_1005Metric,22,smt
200.8875,-144.43125,90.0,top,R21,,,R_0402_1005Metric,22,smt
230.820369,-154.633702,180.0,top,R22,,,R_0402_1005Metric,20k,smt
231.320369,-153.143702,90.0,top,R23,,,R_0402_1005Metric,0,smt
230.320369,-153.133702,90.0,top,R24,,,R_0402_1005Metric,10k,smt
237.320369,-149.633702,180.0,top,R25,,,R_0402_1005Metric,10k,smt
237.320369,-150.633702,180.0,top,R26,,,R_0402_1005Metric,10k,smt
224.570369,-150.644442,0.0,top,R27,,,R_0402_1005Metric,10k,smt
224.570369,-149.633702,0.0,top,R28,,,R_0402_1005Metric,10k,smt
228.070369,-144.373702,90.0,top,R29,,,R_0402_1005Metric,22,smt
206.0,-125.0,90.0,top,R3,,,R_0402_1005Metric,200,smt
233.820369,-144.383702,90.0,top,R30,,,R_0402_1005Metric,22,smt
234.820369,-144.383702,90.0,top,R31,,,R_0402_1005Metric,22,smt
227.070369,-144.373702,90.0,top,R32,,,R_0402_1005Metric,22,smt
235.820369,-144.383702,90.0,top,R33,,,R_0402_1005Metric,22,smt
197.7378,-118.60015,90.0,top,R4,,,RES_PA2512_YAG,PA2512FKE7T0U5E,smt
204.75,-128.85625,90.0,top,R5,,,R_0402_1005Metric,100k,smt
203.44,-128.85625,-90.0,top,R6,,,R_0402_1005Metric,100k,smt
211.75,-128.85625,90.0,top,R7,,,R_0402_1005Metric,22,smt
217.0,-128.85625,90.0,top,R8,,,R_0402_1005Metric,3.3k,smt
227.25,-118.60015,90.0,top,R9,,,RES_PA2512_YAG,PA2512FKE7T0U5E,smt
221.5,-129.0,0.0,top,SW1,,,Push_SMD_4.6x2.8mm_h1.9mm,SMD_5.2x5.2mm_h1.9mm,smt
212.5,-122.60625,90.0,top,U1,,,DCP0038A_N,DRV8704DCPR,smt
196.0,-148.35625,0.0,top,U2,,,TSSOP-16_4.4x5mm_P0.65mm,ADS1220xPW,smt
231.0,-148.35625,0.0,top,U3,,,TSSOP-16_4.4x5mm_P0.65mm,ADS1220xPW,smt
